{"redflag": {"runid": "EPOCH 006", "num_q": 1.0, "num_ret": 10646.0, "num_rel": 248.0, "num_rel_ret": 248.0, "map": 0.522737407456342, "gm_map": -0.6486760299997099, "Rprec": 0.5564516129032258, "bpref": 0.5208441727367323, "recip_rank": 1.0, "iprec_at_recall_0.00": 1.0, "iprec_at_recall_0.10": 0.7631578947368421, "iprec_at_recall_0.20": 0.7625, "iprec_at_recall_0.30": 0.7075471698113207, "iprec_at_recall_0.40": 0.660377358490566, "iprec_at_recall_0.50": 0.6262626262626263, "iprec_at_recall_0.60": 0.5265017667844523, "iprec_at_recall_0.70": 0.375, "iprec_at_recall_0.80": 0.25285895806861497, "iprec_at_recall_0.90": 0.1471747700394218, "iprec_at_recall_1.00": 0.029142185663924795, "P_5": 1.0, "P_10": 0.8, "P_15": 0.7333333333333333, "P_20": 0.75, "P_30": 0.8, "P_100": 0.72, "P_200": 0.62, "P_500": 0.35, "P_1000": 0.204, "relstring": 0.0, "recall_5": 0.020161290322580645, "recall_10": 0.03225806451612903, "recall_15": 0.04435483870967742, "recall_20": 0.06048387096774194, "recall_30": 0.0967741935483871, "recall_100": 0.2903225806451613, "recall_200": 0.5, "recall_500": 0.7056451612903226, "recall_1000": 0.8225806451612904, "infAP": 0.5227373093180916, "gm_bpref": -0.6523043746017235, "Rprec_mult_0.20": 0.72, "Rprec_mult_0.40": 0.72, "Rprec_mult_0.60": 0.6577181208053692, "Rprec_mult_0.80": 0.6231155778894473, "Rprec_mult_1.00": 0.5564516129032258, "Rprec_mult_1.20": 0.5067114093959731, "Rprec_mult_1.40": 0.46264367816091956, "Rprec_mult_1.60": 0.4156171284634761, "Rprec_mult_1.80": 0.38478747203579416, "Rprec_mult_2.00": 0.3528225806451613, "utility": -10150.0, "11pt_avg": 0.5318657027143426, "binG": 0.19352963263186987, "G": 0.19352963263186987, "ndcg": 0.8821820472138255, "ndcg_rel": 0.7474467313033558, "Rndcg": 0.7414801126177564, "ndcg_cut_5": 1.0, "ndcg_cut_10": 0.857980942822373, "ndcg_cut_15": 0.7996681037408223, "ndcg_cut_20": 0.7984642879753954, "ndcg_cut_30": 0.8224236524851087, "ndcg_cut_100": 0.7447739650839977, "ndcg_cut_200": 0.655166835000842, "ndcg_cut_500": 0.7086958297231355, "ndcg_cut_1000": 0.784234091438478, "map_cut_5": 0.020161290322580645, "map_cut_10": 0.03072996671786994, "map_cut_15": 0.04002410000393872, "map_cut_20": 0.05177791726372321, "map_cut_30": 0.08038847145176083, "map_cut_100": 0.22433910166975965, "map_cut_200": 0.36271582183918516, "map_cut_500": 0.46733261340477067, "map_cut_1000": 0.5010112610229565, "relative_P_5": 1.0, "relative_P_10": 0.8, "relative_P_15": 0.7333333333333333, "relative_P_20": 0.75, "relative_P_30": 0.8, "relative_P_100": 0.72, "relative_P_200": 0.62, "relative_P_500": 0.7056451612903226, "relative_P_1000": 0.8225806451612904, "success_1": 1.0, "success_5": 1.0, "success_10": 1.0, "set_P": 0.02329513432275033, "set_relative_P": 1.0, "set_recall": 1.0, "set_map": 0.02329513432275033, "set_F": 0.0455296493482651, "num_nonrel_judged_ret": 10398.0}}