{"redflag": {"runid": "EPOCH 002", "num_q": 1.0, "num_ret": 10646.0, "num_rel": 248.0, "num_rel_ret": 248.0, "map": 0.4843707726262324, "gm_map": -0.724904606393937, "Rprec": 0.4798387096774194, "bpref": 0.4302321800208117, "recip_rank": 1.0, "iprec_at_recall_0.00": 1.0, "iprec_at_recall_0.10": 0.8, "iprec_at_recall_0.20": 0.6823529411764706, "iprec_at_recall_0.30": 0.6290322580645161, "iprec_at_recall_0.40": 0.5459459459459459, "iprec_at_recall_0.50": 0.4381625441696113, "iprec_at_recall_0.60": 0.3880208333333333, "iprec_at_recall_0.70": 0.33396584440227706, "iprec_at_recall_0.80": 0.2621870882740448, "iprec_at_recall_0.90": 0.17777777777777778, "iprec_at_recall_1.00": 0.030753968253968252, "P_5": 1.0, "P_10": 1.0, "P_15": 0.9333333333333333, "P_20": 0.85, "P_30": 0.7666666666666667, "P_100": 0.66, "P_200": 0.53, "P_500": 0.34, "P_1000": 0.215, "relstring": 0.0, "recall_5": 0.020161290322580645, "recall_10": 0.04032258064516129, "recall_15": 0.056451612903225805, "recall_20": 0.06854838709677419, "recall_30": 0.09274193548387097, "recall_100": 0.2661290322580645, "recall_200": 0.4274193548387097, "recall_500": 0.6854838709677419, "recall_1000": 0.8669354838709677, "infAP": 0.4843706567080663, "gm_bpref": -0.8434302624802152, "Rprec_mult_0.20": 0.78, "Rprec_mult_0.40": 0.66, "Rprec_mult_0.60": 0.5637583892617449, "Rprec_mult_0.80": 0.5276381909547738, "Rprec_mult_1.00": 0.4798387096774194, "Rprec_mult_1.20": 0.42953020134228187, "Rprec_mult_1.40": 0.3994252873563218, "Rprec_mult_1.60": 0.3778337531486146, "Rprec_mult_1.80": 0.3579418344519016, "Rprec_mult_2.00": 0.3407258064516129, "utility": -10150.0, "11pt_avg": 0.4807453819452677, "binG": 0.20610747871217625, "G": 0.20610747871217625, "ndcg": 0.8774167051126974, "ndcg_rel": 0.7322142876228138, "Rndcg": 0.7090638269735101, "ndcg_cut_5": 1.0, "ndcg_cut_10": 1.0, "ndcg_cut_15": 0.9551895681460654, "ndcg_cut_20": 0.8950781063671097, "ndcg_cut_30": 0.828998436160208, "ndcg_cut_100": 0.712465279373682, "ndcg_cut_200": 0.5881523782021488, "ndcg_cut_500": 0.686842854719355, "ndcg_cut_1000": 0.8034011499102006, "map_cut_5": 0.020161290322580645, "map_cut_10": 0.04032258064516129, "map_cut_15": 0.05589477726574501, "map_cut_20": 0.06646430077407307, "map_cut_30": 0.08707724877744884, "map_cut_100": 0.21365726875069765, "map_cut_200": 0.30819013962339686, "map_cut_500": 0.41599130091873454, "map_cut_1000": 0.4670743650418599, "relative_P_5": 1.0, "relative_P_10": 1.0, "relative_P_15": 0.9333333333333333, "relative_P_20": 0.85, "relative_P_30": 0.7666666666666667, "relative_P_100": 0.66, "relative_P_200": 0.53, "relative_P_500": 0.6854838709677419, "relative_P_1000": 0.8669354838709677, "success_1": 1.0, "success_5": 1.0, "success_10": 1.0, "set_P": 0.02329513432275033, "set_relative_P": 1.0, "set_recall": 1.0, "set_map": 0.02329513432275033, "set_F": 0.0455296493482651, "num_nonrel_judged_ret": 10398.0}}