{"redflag": {"runid": "EPOCH 002", "num_q": 1.0, "num_ret": 10646.0, "num_rel": 248.0, "num_rel_ret": 248.0, "map": 0.5733107060442785, "gm_map": -0.5563274648233989, "Rprec": 0.5403225806451613, "bpref": 0.5326157648283041, "recip_rank": 1.0, "iprec_at_recall_0.00": 1.0, "iprec_at_recall_0.10": 0.8571428571428571, "iprec_at_recall_0.20": 0.8571428571428571, "iprec_at_recall_0.30": 0.7549019607843137, "iprec_at_recall_0.40": 0.6496815286624203, "iprec_at_recall_0.50": 0.5849056603773585, "iprec_at_recall_0.60": 0.5283687943262412, "iprec_at_recall_0.70": 0.4496124031007752, "iprec_at_recall_0.80": 0.3579136690647482, "iprec_at_recall_0.90": 0.23578947368421052, "iprec_at_recall_1.00": 0.035916002896451846, "P_5": 1.0, "P_10": 0.9, "P_15": 0.8666666666666667, "P_20": 0.85, "P_30": 0.8333333333333334, "P_100": 0.75, "P_200": 0.59, "P_500": 0.382, "P_1000": 0.226, "relstring": 0.0, "recall_5": 0.020161290322580645, "recall_10": 0.036290322580645164, "recall_15": 0.05241935483870968, "recall_20": 0.06854838709677419, "recall_30": 0.10080645161290322, "recall_100": 0.3024193548387097, "recall_200": 0.47580645161290325, "recall_500": 0.7701612903225806, "recall_1000": 0.9112903225806451, "infAP": 0.5733105837639265, "gm_bpref": -0.6299550062876391, "Rprec_mult_0.20": 0.82, "Rprec_mult_0.40": 0.75, "Rprec_mult_0.60": 0.6375838926174496, "Rprec_mult_0.80": 0.5879396984924623, "Rprec_mult_1.00": 0.5403225806451613, "Rprec_mult_1.20": 0.5134228187919463, "Rprec_mult_1.40": 0.4827586206896552, "Rprec_mult_1.60": 0.44584382871536526, "Rprec_mult_1.80": 0.4116331096196868, "Rprec_mult_2.00": 0.3850806451612903, "utility": -10150.0, "11pt_avg": 0.5737613824711121, "binG": 0.21500269314346462, "G": 0.21500269314346462, "ndcg": 0.903520299957049, "ndcg_rel": 0.7750146604342527, "Rndcg": 0.7503856644405411, "ndcg_cut_5": 1.0, "ndcg_cut_10": 0.933745776545611, "ndcg_cut_15": 0.9025363874854585, "ndcg_cut_20": 0.8865187581712657, "ndcg_cut_30": 0.8650966169578465, "ndcg_cut_100": 0.7855022983670013, "ndcg_cut_200": 0.6439023899040215, "ndcg_cut_500": 0.7628763333049757, "ndcg_cut_1000": 0.8538279245624519, "map_cut_5": 0.020161290322580645, "map_cut_10": 0.03588709677419355, "map_cut_15": 0.049915541447799514, "map_cut_20": 0.06419368125493913, "map_cut_30": 0.09073584795736842, "map_cut_100": 0.25668017679824534, "map_cut_200": 0.37030979361748834, "map_cut_500": 0.516801380544189, "map_cut_1000": 0.5608232630229298, "relative_P_5": 1.0, "relative_P_10": 0.9, "relative_P_15": 0.8666666666666667, "relative_P_20": 0.85, "relative_P_30": 0.8333333333333334, "relative_P_100": 0.75, "relative_P_200": 0.59, "relative_P_500": 0.7701612903225806, "relative_P_1000": 0.9112903225806451, "success_1": 1.0, "success_5": 1.0, "success_10": 1.0, "set_P": 0.02329513432275033, "set_relative_P": 1.0, "set_recall": 1.0, "set_map": 0.02329513432275033, "set_F": 0.0455296493482651, "num_nonrel_judged_ret": 10398.0}}