{"runid": 0.0, "num_q": 1.0, "num_ret": 10646.0, "num_rel": 248.0, "num_rel_ret": 248.0, "map": 0.499219866039581, "gm_map": -0.6947086669663832, "Rprec": 0.5282258064516129, "bpref": 0.4909924557752346, "recip_rank": 1.0, "iprec_at_recall_0.00": 1.0, "iprec_at_recall_0.10": 0.8048780487804879, "iprec_at_recall_0.20": 0.7083333333333334, "iprec_at_recall_0.30": 0.6814159292035398, "iprec_at_recall_0.40": 0.6172839506172839, "iprec_at_recall_0.50": 0.5486725663716814, "iprec_at_recall_0.60": 0.4810126582278481, "iprec_at_recall_0.70": 0.37894736842105264, "iprec_at_recall_0.80": 0.2660427807486631, "iprec_at_recall_0.90": 0.16314639475600873, "iprec_at_recall_1.00": 0.023455972760805827, "P_5": 0.6, "P_10": 0.7, "P_15": 0.7333333333333333, "P_20": 0.75, "P_30": 0.7666666666666667, "P_100": 0.67, "P_200": 0.57, "P_500": 0.362, "P_1000": 0.209, "relstring": 0.0, "recall_5": 0.012096774193548387, "recall_10": 0.028225806451612902, "recall_15": 0.04435483870967742, "recall_20": 0.06048387096774194, "recall_30": 0.09274193548387097, "recall_100": 0.2701612903225806, "recall_200": 0.4596774193548387, "recall_500": 0.7298387096774194, "recall_1000": 0.842741935483871, "infAP": 0.4992197969236563, "gm_bpref": -0.7113265163255484, "Rprec_mult_0.20": 0.68, "Rprec_mult_0.40": 0.67, "Rprec_mult_0.60": 0.6241610738255033, "Rprec_mult_0.80": 0.5728643216080402, "Rprec_mult_1.00": 0.5282258064516129, "Rprec_mult_1.20": 0.4865771812080537, "Rprec_mult_1.40": 0.4454022988505747, "Rprec_mult_1.60": 0.4156171284634761, "Rprec_mult_1.80": 0.38478747203579416, "Rprec_mult_2.00": 0.3649193548387097, "utility": -10150.0, "11pt_avg": 0.5157444548382459, "binG": 0.18242113213093458, "G": 0.18242113213093458, "ndcg": 0.8719405075389597, "ndcg_rel": 0.7133229154246427, "Rndcg": 0.7198674936845055, "ndcg_cut_5": 0.7227265726449519, "ndcg_cut_10": 0.741670249010153, "ndcg_cut_15": 0.7536446040513912, "ndcg_cut_20": 0.7620328048424053, "ndcg_cut_30": 0.7719326090760805, "ndcg_cut_100": 0.6928774990611005, "ndcg_cut_200": 0.6054325578154354, "ndcg_cut_500": 0.712482073652967, "ndcg_cut_1000": 0.784932537031027, "map_cut_5": 0.012096774193548387, "map_cut_10": 0.022431835637480798, "map_cut_15": 0.0339931238116722, "map_cut_20": 0.04626120308639285, "map_cut_30": 0.07141872779247997, "map_cut_100": 0.1982600875141423, "map_cut_200": 0.31823773894299545, "map_cut_500": 0.4469193247647711, "map_cut_1000": 0.4790365900157757, "relative_P_5": 0.6, "relative_P_10": 0.7, "relative_P_15": 0.7333333333333333, "relative_P_20": 0.75, "relative_P_30": 0.7666666666666667, "relative_P_100": 0.67, "relative_P_200": 0.57, "relative_P_500": 0.7298387096774194, "relative_P_1000": 0.842741935483871, "success_1": 1.0, "success_5": 1.0, "success_10": 1.0, "set_P": 0.02329513432275033, "set_relative_P": 1.0, "set_recall": 1.0, "set_map": 0.02329513432275033, "set_F": 0.0455296493482651, "num_nonrel_judged_ret": 10398.0, "model_name": "Pipeline(steps=[('tfidf',\n                 TfidfVectorizer(max_df=0.9, max_features=50000, min_df=2,\n                                 ngram_range=(1, 2), stop_words='english')),\n                ('clf',\n                 ClfSwitcher(estimator=RandomForestClassifier(max_depth=50,\n                                                              n_estimators=1000)))])"}